ocid,title,url
203,"вільне",https://prozorro.sale/planning/RGL001-UA-20250519-82910
226,"Амбулаторія загальної практики сімейної медицини",https://prozorro.sale/planning/RGL001-UA-20230214-39543
227,"Амбулаторія загальної практики сімейної медицини",https://prozorro.sale/planning/RGL001-UA-20230214-04371
448,null,https://prozorro.sale/planning/RGL001-UA-20220927-86062
831,"Амбулаторія  загальної практики-сімейної медицини",https://prozorro.sale/planning/RGL001-UA-20230411-53508
1032,"нежитлові приміщення в житловому будинку",https://prozorro.sale/planning/RGL001-UA-20231011-10261
1092,"нежитлові приміщення в житловому будинку",https://prozorro.sale/planning/RGL001-UA-20230330-73879
1140,"нежитлові приміщення в житловому будинку",https://prozorro.sale/planning/RGL001-UA-20230330-99402
1141,"нежитлові приміщення в житловому будинку",https://prozorro.sale/planning/RGL001-UA-20230330-99402
1147,"нежитлові приміщення в житловому будинку",https://prozorro.sale/planning/RGL001-UA-20230330-74957
1165,"окремо розташ.буд.",https://prozorro.sale/planning/RGL001-UA-20230330-82929
1224,"нежитлові приміщення в житловому будинку",https://prozorro.sale/planning/RGL001-UA-20230330-07774
1298,"сміттєзбірник",https://prozorro.sale/planning/RGL001-UA-20210818-99054
1525,"Амбулаторія загальної практики - сімейної медицини",https://prozorro.sale/planning/RGL001-UA-20230411-64749
1756,"АДМІНІСТРАТИВНЕ",https://prozorro.sale/auction/LLD001-UA-20220210-55284
1757,"АДМІНІСТРАТИВНЕ",https://prozorro.sale/auction/LLE001-UA-20211215-51802
1761,"АДМІНІСТРАТИВНЕ",https://prozorro.sale/auction/LLD001-UA-20230508-35192
2182,"нежитлове приміщення в житловому (підвал)",https://prozorro.sale/planning/RGL001-UA-20250223-56828
2761,"СТОМАТОЛОГІЧНА ПОЛІКЛІНІКА",https://prozorro.sale/auction/LLE001-UA-20250508-31633
2868,"БУДИНОК МАЙСТЕРНІ N 1 (ЛІТЕРА ""В"")",https://prozorro.sale/auction/UA-PS-2021-04-28-000008-2
3193,"БУДИНОК МАЙСТЕРНІ N 1 (ЛІТЕРА ""В"")",https://prozorro.sale/auction/LLE001-UA-20211224-93180
3384,"сміттєзбірник",https://prozorro.sale/planning/RGL001-UA-20230330-73830
3385,"сміттєзбірник",https://prozorro.sale/planning/RGL001-UA-20230330-94821
3387,"нежитлові приміщення в житловому будинку",https://prozorro.sale/planning/RGL001-UA-20230330-35515
3388,"сміттєзбірник",https://prozorro.sale/planning/RGL001-UA-20230330-93141
3390,"сміттєзбірник",https://prozorro.sale/planning/RGL001-UA-20230330-50883
3406,"сміттєзбірник",https://prozorro.sale/planning/RGL001-UA-20230330-24342
3407,"сміттєзбірник",https://prozorro.sale/planning/RGL001-UA-20230330-54106
3488,"поліція, вільне",https://prozorro.sale/planning/RGL001-UA-20210820-68141
3490,"установи, ГУ поліції, вільне",https://prozorro.sale/planning/RGL001-UA-20210809-68972
3697,"нежитлове приміщення, підвал",https://prozorro.sale/planning/RGL001-UA-20220125-39431
4094,"АДМІНІСТРАТИВНЕ",https://prozorro.sale/auction/LLE001-UA-20240131-54515
4246,"перукарня, вільні",https://prozorro.sale/planning/RGL001-UA-20241125-27930
4451,"Теплиця",https://prozorro.sale/planning/RGL001-UA-20210601-10421
4453,"Теплиця",https://prozorro.sale/planning/RGL001-UA-20231009-35117
4632,"пр. в житл. буд",https://prozorro.sale/planning/RGL001-UA-20230414-23548
4633,"окремостояча (нежитлові приміщення-БПО)",https://prozorro.sale/planning/RGL001-UA-20240805-04535
4663,"СМІТТЄЗБІРНИК",https://prozorro.sale/planning/RGL001-UA-20230421-86708
4739,"вільне",https://prozorro.sale/planning/RGL001-UA-20230501-09736
4783,"СМІТТЄЗБІРНИК",https://prozorro.sale/planning/RGL001-UA-20230603-88140
4875,"нежитлові приміщення в житловому будинку",https://prozorro.sale/planning/RGL001-UA-20230330-22485
4881,"сміттєзбірник",https://prozorro.sale/planning/RGL001-UA-20230330-69285
4890,"сміттєзбірник",https://prozorro.sale/planning/RGL001-UA-20210223-82169
4893,"нежитлові приміщення в житловому будинку",https://prozorro.sale/planning/RGL001-UA-20220504-38725
4896,"нежитлові приміщення в житловому будинку",https://prozorro.sale/planning/RGL001-UA-20230330-16076
5175,"СЕРЕДНЯ ШКОЛА N 25",https://prozorro.sale/planning/RGL001-UA-20210708-18822
5179,"СЕРЕДНЯ ШКОЛА N 25",https://prozorro.sale/planning/RGL001-UA-20210803-29218
5180,"СЕРЕДНЯ ШКОЛА N 199",https://prozorro.sale/planning/RGL001-UA-20210803-72676
5182,"ШКОЛА №27",https://prozorro.sale/planning/RGL001-UA-20211005-57858
5183,"ДИТЯЧИЙ САДОК N 429",https://prozorro.sale/planning/RGL001-UA-20211119-71816
5184,"ДИТЯЧИЙ САДОК N 495",https://prozorro.sale/planning/RGL001-UA-20211119-95941
5365,"АДМІНІСТРАТИВНЕ",https://prozorro.sale/auction/LLE001-UA-20240131-54515
5473,"Будівля адміністративно-побутового корпусу",https://prozorro.sale/planning/RGL001-UA-20240125-55445
5493,"МЕДИЧНІ ПОСЛУГИ",https://prozorro.sale/planning/RGL001-UA-20240606-56997
5664,"АДМІНІСТРАТИВНО-ПОБУТОВИЙ КОРПУС (ЛІТЕРА ""А"")",https://prozorro.sale/auction/LLE001-UA-20230316-71027
5682,"ПОЛІКЛІНІКА",https://prozorro.sale/auction/LLE001-UA-20250313-60688
5683,"офісні, вільне",https://prozorro.sale/planning/RGL001-UA-20210212-17123
5983,"окремостояча (нежитлові приміщення-БПО)",https://prozorro.sale/planning/RGL001-UA-20230413-19310
5984,"окремостояча (нежитлові приміщення-БПО)",https://prozorro.sale/planning/RGL001-UA-20230413-87261
5987,null,https://prozorro.sale/planning/RGL001-UA-20240207-52903
6062,"СМІТТЄЗБІРНИК",https://prozorro.sale/planning/RGL001-UA-20230417-47506
6074,"МЕДИЧНІ ПОСЛУГИ",https://prozorro.sale/planning/RGL001-UA-20240606-18255
6078,"СМІТТЄЗБІРНИК",https://prozorro.sale/planning/RGL001-UA-20240714-43739
6082,"нежитлова будівля",https://prozorro.sale/planning/RGL001-UA-20230411-56886
6100,"окремостояча",https://prozorro.sale/planning/RGL001-UA-20230921-93857
6134,"окремостояча (нежитлові приміщення БПО",https://prozorro.sale/planning/RGL001-UA-20220215-93510
6137,"окремостояча (нежитлові приміщення БПО",https://prozorro.sale/planning/RGL001-UA-20231212-98247
6194,"нежитлове приміщення в житловому будинку",https://prozorro.sale/planning/RGL001-UA-20240123-51191
6206,"УЧБОВЕ ПРИМІЩЕННЯ",https://prozorro.sale/auction/LLE001-UA-20240315-82514
6212,"нежитлове приміщення в житловому",https://prozorro.sale/planning/RGL001-UA-20220104-44259
6229,"нежитлові приміщення в житловому будинку",https://prozorro.sale/planning/RGL001-UA-20240801-75339
6396,"СМІТТЄЗБІРНИК",https://prozorro.sale/planning/RGL001-UA-20220125-87168
6515,"АДМІНІСТРАТИВНЕ",https://prozorro.sale/auction/LLE001-UA-20240709-33040
6547,"ПІДЗЕМНИЙ ПЕРЕХІД І ДОПОМІЖНІ ПРИМІЩЕННЯ (ПІДЗЕМНІ)",https://prozorro.sale/auction/LLE001-UA-20240813-33335
6565,"ЛІКУВАЛЬНИЙ КОРПУС",https://prozorro.sale/planning/RGL001-UA-20250311-97515
6606,"КАФЕ",https://prozorro.sale/auction/LLE001-UA-20250507-87556
6728,"нежитлові приміщення в житловому",https://prozorro.sale/planning/RGL001-UA-20240802-11001
6805,"РИНОК",https://prozorro.sale/auction/LLD001-UA-20250602-94991
6819,null,https://prozorro.sale/auction/LLE001-UA-20250203-71975
6856,"ПОБУТОВІ ПОСЛУГИ",https://prozorro.sale/auction/LLD001-UA-20241107-26432
6861,"ШКОЛА №298",https://prozorro.sale/auction/LLE001-UA-20241108-61696
6968,"Лікувально-профілактичні",https://prozorro.sale/auction/LLE001-UA-20241227-40932
6974,"СКЛАДСЬКЕ ПРИМІЩЕННЯ",https://prozorro.sale/planning/RGL001-UA-20250213-31482
6976,"оренда, вільне 83,6 кв.м, з них: 22,6 кв.м - триває процес укладення договору оренди",https://prozorro.sale/planning/RGL001-UA-20250507-83086
6982,"нежитлове приміщення в житловому",https://prozorro.sale/planning/RGL001-UA-20230426-71582
6986,"нежитлові приміщення в житловому будинку",https://prozorro.sale/planning/RGL001-UA-20230426-82479
7001,"нежитлове приміщення в житловому (СХОВИЩЕ-106,4 КВ.М, ПІДВАЛ-116,1 КВ.М,ПІДВАЛ-65,8 (ДОГОВІР ОРЕНДИ)",https://prozorro.sale/planning/RGL001-UA-20240322-50142
7019,"СТОМАТОЛОГІЧНА ПОЛІКЛІНІКА",https://prozorro.sale/auction/LLE001-UA-20250313-98334
7025,"ПОЛІКЛІНІКА",https://prozorro.sale/auction/LLE001-UA-20250313-79663
7033,null,https://prozorro.sale/planning/RGL001-UA-20250418-55752
7045,"БУДЬ-ЯКИМ ЦІЛЬОВИМ ПРИЗНАЧЕННЯМ",https://prozorro.sale/planning/RGL001-UA-20211019-03991
7063,"нежитлове приміщення в житловому",https://prozorro.sale/planning/RGL001-UA-20231129-54698
7064,"окремостояча (БПО",https://prozorro.sale/planning/RGL001-UA-20250223-04610
7093,"СМІТТЄЗБІРНИК",https://prozorro.sale/planning/RGL001-UA-20250305-63337
7095,"Композиція вхідної групи",https://prozorro.sale/auction/LLE001-UA-20250502-91031
7100,"АДМІНІСТРАТИВНЕ",https://prozorro.sale/planning/RGLA001-UA-20250505-29764
7107,"окремостояча (ЖЕД-208)",https://prozorro.sale/planning/RGL001-UA-20240221-53494
7108,"окремостояча (ЖЕД-208)",https://prozorro.sale/planning/RGL001-UA-20230414-14746
7109,"окремостояча (ЖЕД-208)",https://prozorro.sale/planning/RGL001-UA-20230414-42485
7110,"окремостояче (ЖЕД-208)",https://prozorro.sale/planning/RGL001-UA-20230414-02662
7111,"окремостояче (ЖЕД-208)",https://prozorro.sale/planning/RGL001-UA-20250311-88179
7172,"МЕДИЧНІ ПОСЛУГИ",https://prozorro.sale/planning/RGL001-UA-20250513-05629
7174,"СМІТТЄЗБІРНИК",https://prozorro.sale/planning/RGL001-UA-20250402-58797
7184,"нежитлове в житловому",https://prozorro.sale/planning/RGL001-UA-20230414-62817
7185,"нежитлове приміщення в житловому",https://prozorro.sale/planning/RGL001-UA-20250404-39566
7188,"приміщення в нежитловій окремостоячій будівлі",https://prozorro.sale/planning/RGL001-UA-20220131-29099
7201,"Лікувально-профілактичні",https://prozorro.sale/planning/RGL001-UA-20250328-27747
7207,"СМІТТЄЗБІРНИК",https://prozorro.sale/planning/RGL001-UA-20220106-64372
7217,"Лікувально-профілактичні",https://prozorro.sale/planning/RGL001-UA-20250424-22351
7225,"ЛІКУВАЛЬНИЙ КОРПУС",https://prozorro.sale/auction/LLE001-UA-20250502-09293
7226,"нежитлове приміщення, підвал",https://prozorro.sale/planning/RGL001-UA-20250502-37691
7235,null,https://prozorro.sale/planning/RGL001-UA-20240131-25187
7250,"ЛІЦЕЙ № 230",https://prozorro.sale/planning/RGL001-UA-20250527-96048
